healthScore,maxNumberCommit,numberCommit,orgName,repoName
1.0,1,1.0,BrunoVukasovic,"BrunoVukasovic/fullstack_web_app_splittrip"
0.9794801641586868,731,716.0,dit-inc-us,dit-inc-us/Content
0.9791666666666666,48,47.0,memk,parkr/status
0.9736842105263158,76,74.0,cmharper,cmharper/outside
0.9733333333333334,150,146.0,supermobiteam2,supermobiteam2/Tizi
0.9722222222222222,72,70.0,supershell2019,supershell2019/conf
0.9642857142857143,28,27.0,HenrikBengtsson,UCSF-TI/TIPCC-slash
0.96,25,24.0,jonarbo,nyuad-hpc/dalman
0.9583333333333334,24,23.0,scriptzteam,"scriptzteam/UseNet-Newsgroups-Stats-v3"
0.9583333333333334,24,23.0,nghuyong,nghuyong/auto-commit
0.9583333333333334,24,23.0,efreesen,efreesen/experiment
0.9583333333333334,24,23.0,lejacobroy,"AsteroidLabs/asteroidlabs.github.io"
0.9583333333333334,24,23.0,koy1619,"koy1619/koy1619.github.com"
0.9583333333333334,24,23.0,labour-camp,"labour-camp/labour-camp.github.io"
0.9583333333333334,24,23.0,AleXu224,AleXu224/bptf_pricelist
0.9583333333333334,24,23.0,luxuze,luxuze/refresh
0.9583333333333334,24,23.0,reynaldoeg,reynaldoeg/cron-bash
0.9583333333333334,24,23.0,woodstock-erfurt,"woodstock-recordstore/woodstock-recordstore.github.io"
0.9583333333333334,24,23.0,ohh-haolin,"ohh-haolin/ohh-haolin.github.io"
0.9583333333333334,24,23.0,su-github-machine-user,"su-github-machine-user/github-nagios-check"
0.9583333333333334,24,23.0,matchavez,matchavez/mc
0.9583333333333334,24,23.0,semorrison,"leanprover-community/leanprover-community.github.io"
0.9583333333333334,24,23.0,aarvee11,"SecOps-Institute/Tor-IP-Addresses"
0.9583333333333334,24,23.0,j66666,j66666/my-contributions
0.9583333333333334,24,23.0,AceChenX,"UltracoldAtomsLab/chamber_log"
0.9583333333333334,24,23.0,martinwu42,martinwu42/pkuholebackup
0.9583333333333334,24,23.0,haocen-site,"haocen-site/haocen-site.github.io"
0.9583333333333334,24,23.0,Musk1993,Musk1993/autoCommit
0.9583333333333334,24,23.0,HeeYoungK,HeeYoungK/prng
0.9583333333333334,24,23.0,jlbl,UCSF-HPC/wynton-slash
0.9583333333333334,24,23.0,AceChenX,"UltracoldAtomsLab/weather_log"
0.9583333333333334,24,23.0,simonlingoogle,"simonlingoogle/openthread"
0.9583333333333334,24,23.0,lukemassa,lukemassa/jclubtakeaways
0.9583333333333334,24,23.0,victordion,victordion/GrassLand
0.9583333333333334,24,23.0,markhepburn,"IMASau/geoserver-config-rls"
0.9545454545454546,22,21.0,RuochenLyu,"RuochenLyu/ruochenlyu.github.io"
0.9523809523809523,21,20.0,anastasiia-kryshtop,vcsbroker/test-dev
0.95,20,19.0,tmelliott,tmelliott/realtimebuses
0.9444444444444444,18,17.0,syncmage,sourcemage/grimoire
0.9333333333333333,15,14.0,scripting,scripting/Scripting-News
0.9311594202898551,552,514.0,himobi,himobi/hotspot
0.9230769230769231,13,12.0,quannguyen234,"quannguyen234/dsc-pandas-series-and-dataframes-lab-nyc-ds-082619"
0.9230769230769231,26,24.0,matosama,silvernoo/ac-rss
0.9230769230769231,26,24.0,mmmb1,mmmb1/single_en
0.9230769230769231,26,24.0,petertodd,"opentimestamps/nist-inject"
0.9230769230769231,26,24.0,ll911,bcgov/dbcrss
0.92,25,23.0,xywang84,"xywang84/xywang84.github.io"
0.92,25,23.0,uqs,freebsd/freebsd
0.92,25,23.0,enosysau,enosysau/enointel-beta
0.92,25,23.0,gfw-breaker,"begood0513/begood0513.github.io"
0.9166666666666666,24,22.0,vscode-issue-tracker-bot,"lannonbr/vscode-issue-tracker"
0.9166666666666666,12,11.0,louis-chymia,gazhayes/bcp.ninja
0.9166666666666666,48,44.0,thefallentree,thefallentree/oow1
0.9166666666666666,12,11.0,qwerend,qwerend/1f-tv_s_rec
0.9166666666666666,24,22.0,godber,"desertpy/desertpy-pelican"
0.9166666666666666,12,11.0,r15ch13,ScoopInstaller/Main
0.9166666666666666,24,22.0,aaronpk,"indieweb/indieweb-chat-archive"
0.9130434782608695,23,21.0,poolpOrg,Mailbrix/lists
0.9117647058823529,102,93.0,milafrerichs,"open-data-city-census/open-data-city-census.github.io"
0.9090909090909091,11,10.0,smkell,smkell/ffl_faust
0.9090909090909091,11,10.0,lfd-lists,"linux-mailinglist-archives/qemu-devel.nongnu.org.0"
0.9076923076923077,65,59.0,wideyu,wideyu/kbox
0.9,10,9.0,numiko-dev,numiko/packagist
0.9,10,9.0,camwatson,"camwatson/SpatialDataSets"
0.9,10,9.0,alexcrichton,"rust-lang/crates.io-index"
0.9,20,18.0,yuangezhizao,"yuangezhizao/bilibili_splash_fetch_data"
0.9,10,9.0,niceirene225,niceirene225/bot2
0.8947368421052632,19,17.0,nigeldurham,nigeldurham/ux
0.89198606271777,287,256.0,geos4s,geos4s/18w856162
0.8888888888888888,9,8.0,github-actions[bot],fredj/dg-price-tracker
0.8888888888888888,9,8.0,speedtracker-bot,pixers/speedtracker
0.8888888888888888,9,8.0,DSMJR,DSMJR/dsmrepo
0.8846153846153846,26,23.0,surfnet-niels,InAcademia/idp_hint
0.8846153846153846,26,23.0,mmmb1,mmmb1/single_fa
0.8846153846153846,26,23.0,simonw,simonw/pge-outages
0.8823529411764706,17,15.0,Buildstarted,"Buildstarted/linksfordevs"
0.88,25,22.0,ericmacau,ericmacau/mark6
0.8792270531400966,414,364.0,pakeji,pequet/public-logs
0.8771929824561403,57,50.0,yeaheo,yeaheo/gcr.io
0.875,16,14.0,jimbob666,jimbob666/aqi
0.875,24,21.0,making-bot,categolj/accesslog
0.875,8,7.0,apulijala,"apulijala/linux-commands-editors-shell-programming"
0.875,8,7.0,Brainzman,"rDankMemes/Minecraft-Server"
0.875,8,7.0,katconfiguser,ska-sa/katexternaldata
0.875,8,7.0,samber,samber/powEUr
0.875,8,7.0,scv1225,scv1225/repository2
0.875,24,21.0,losalamosal,"losalamosal/kap-dash-ispeed"
0.875,8,7.0,forosuru,"forosuru/forosuru.github.io"
0.875,24,21.0,tonyxiahua,"tonyxiahua/ForgeMinecraft_Xia"
0.875,184,161.0,hsntgm,hsntgm/gentoo
0.8695652173913043,23,20.0,robotoffsideio,offsideio/records
0.8636363636363636,22,19.0,CurrencyKeypirinha,"CurrencyKeypirinha/currency-exchange"
0.8571428571428571,7,6.0,lanternpro,lanternpro/intro
0.8571428571428571,7,6.0,solomonp90,"solomonp90/ruby-enumerables-cartoon-collections-lab-dumbo-web-091619"
0.8571428571428571,7,6.0,tomikonio,tomikonio/blueteam
0.8529411764705882,34,29.0,MlgmXyysd,"ElderDrivers/Repository-Website"
0.8529411764705882,34,29.0,watsona4,watsona4/dot_julia
0.8529411764705882,34,29.0,scriptzteam,"scriptzteam/newzNZB-Usenet-Upload-Logger-v1.1"
0.8529411764705882,34,29.0,ProjectPete,technet2/Sentinel
0.8529411764705882,34,29.0,dongs365,dongs365/docker
0.8518518518518519,54,46.0,postgresql-cfbot,"postgresql-cfbot/postgresql"
0.85,20,17.0,mcabioch,mcabioch/Minecraft
0.85,20,17.0,mmittlb,mmittlb/pywde1
0.8488372093023255,172,146.0,15600995244,jdcloudcom/MKTContent
0.8484848484848485,33,28.0,"signcla-test-signed-indiv","google-test2/signcla-probe-repo"
0.8461538461538461,13,11.0,ninadecoder,"ninadecoder/ruby-music-library-cli-online-web-pt-061019"
0.8421052631578947,19,16.0,keulpu,keulpu/bossbotDB
0.8409090909090909,88,74.0,pakeji,pequet/alts-retracements
0.84,25,21.0,eth-products,eth-products/eth-invest
0.84,25,21.0,davvs,davvs/davvs.github.io
0.8333333333333334,12,10.0,newstools,newstools/2019-this-day
0.8333333333333334,6,5.0,swaggerHubTest,swaggerHubTest/selenium
0.8333333333333334,24,20.0,Noltari,Noltari/openwrt-packages
0.8333333333333334,6,5.0,cryptobigbro,"cryptobigbro/bitmex-XRPU19"
0.8333333333333334,6,5.0,cryptobigbro,"cryptobigbro/bitmex-BCHU19"
0.8333333333333334,12,10.0,vpcn,vpcn/node
0.8333333333333334,24,20.0,gfw-breaker,gfw-breaker/mh-news
0.8333333333333334,6,5.0,magumboi,magumboi/maincra-server
0.8333333333333334,6,5.0,madebr,madebr/openrw-irc
0.8333333333333334,6,5.0,cryptobigbro,"cryptobigbro/coinbasepro-XLM-EUR"
0.8333333333333334,6,5.0,Sigoku14,Sigoku14/storeManager
0.8333333333333334,24,20.0,cp2141,"dvstats/dvstats.github.io"
0.8333333333333334,6,5.0,JamesGosling,"JamesGosling/SailingForecast"
0.8333333333333334,24,20.0,Itzblend,"Itzblend/Itzblend.github.io"
0.8333333333333334,24,20.0,lacostej,DragonBox/unities
0.8275862068965517,29,24.0,docker-library-bot,docker-library/docs
0.8260869565217391,23,19.0,gfw-breaker,begood0513/goodnews
0.825,80,66.0,weirdcalculator,"weirdcalculator/wptdolphin"
0.8214285714285714,252,207.0,LGA1150,LGA1150/openwrt
0.8181818181818182,11,9.0,ahtwq,ahtwq/getIp
0.8181818181818182,11,9.0,CocoaPodsBot,CocoaPods/Specs
0.8181818181818182,44,36.0,diplodata,"diplodata/gdelt-test-jsonfeed"
0.8181818181818182,11,9.0,andiosika,"andiosika/evaluating-regression-lines-lab-data-science-intro-000"
0.8095238095238095,21,17.0,kaopunews,"kaopunews/kaopu-news-pages"
0.8085106382978723,47,38.0,zeit-github-tester[bot],"zeit-github-test/github-e2e-tests-production"
0.8076923076923077,26,21.0,cori-hendon,"cori-hendon/OptGeo_ServerStat"
0.8076923076923077,26,21.0,gugod,"g0v-data/mirror-10minutely"
0.8,5,4.0,Mizulyn,"Mizulyn/Favorite-Sanrio-Character-Picker"
0.8,5,4.0,yorkLiu,yorkLiu/News
0.8,5,4.0,szescxz,"SerCom-KC/cartoon-network-videos"
0.8,10,8.0,pull[bot],3Golds/netdata
0.8,5,4.0,cryptobigbro,"cryptobigbro/coinbasepro-ETH-DAI"
0.8,5,4.0,rafaeluzzi,"rafaeluzzi/citywiz-landing"
0.8,5,4.0,cryptobigbro,"cryptobigbro/bitmex-TRXU19"
0.8,5,4.0,cryptobigbro,"cryptobigbro/bitmex-EOSU19"
0.8,5,4.0,cryptobigbro,"cryptobigbro/bitmex-ADAU19"
0.8,5,4.0,qm-deploy,"qm-deploy/docker-analytics-tests"
0.8,5,4.0,cryptobigbro,"cryptobigbro/coinbasepro-XTZ-USD"
0.8,5,4.0,lovell,lovell/sharp-libvips
0.8,5,4.0,snoopycrimecop,"snoopycrimecop/prod-playbooks"
0.8,5,4.0,cryptobigbro,"cryptobigbro/coinbasepro-XRP-BTC"
0.8,5,4.0,cryptobigbro,"cryptobigbro/coinbasepro-ETH-GBP"
0.8,5,4.0,cryptobigbro,"cryptobigbro/coinbasepro-REP-USD"
0.8,5,4.0,cryptobigbro,"cryptobigbro/coinbasepro-LTC-EUR"
0.8,5,4.0,cryptobigbro,"cryptobigbro/coinbasepro-LTC-USD"
0.8,10,8.0,openset,openset/hosts
0.8,5,4.0,Animtim,gcompris/GCompris-qt
0.8,10,8.0,javsterati,"javsterati/hs-js-cartoon-collections-js-cartoon-collections-000"
0.8,5,4.0,MacStrelioff,"MacStrelioff/macstrelioff.github.io"
0.8,10,8.0,wideyu,wideyu/gstt
0.8,5,4.0,mikepsinn,"mikepsinn/docker-analytics-tests"
0.8,10,8.0,Rochet2,Rochet2/TrinityCore
0.8,5,4.0,chefnewman,"chefnewman/nearest-neighbors-lab-data-science-intro-000"
0.8,5,4.0,bitbaybot,bitbaymarket/ratedb
0.8,5,4.0,charlyx,gatsbyjs/gatsby
0.7916666666666666,24,19.0,AntoineAugusti,"AntoineAugusti/tweets-rerb"
0.7870370370370371,108,85.0,direwolf-github,direwolf-github/my-app
0.7857142857142857,14,11.0,sdjkjh,sdjkjh/repository2
0.782608695652174,23,18.0,kenmickles,"fightforthefuture/defendcrypto.org"
0.7777777777777778,9,7.0,yarastqt,"yarastqt/storybook-addons"
0.7777777777777778,9,7.0,galenzhao,"zhenggangzhao/mcpcmap.github.io"
0.7777777777777778,9,7.0,oxr463,oxr463/gentoo
0.7777777777777778,9,7.0,dzackgarza,dzackgarza/Notes
0.7777777777777778,9,7.0,gentoo-bot,gentoo/gentoo
0.7755102040816326,49,38.0,ontouchstart,mocaspike150/leaderboard
0.7727272727272727,44,34.0,pbaffiliate10,"pbaffiliate10/repoTestCheckout"
0.7727272727272727,22,17.0,sourceconnect-tests,"sourceconnect-testing/reposync"
0.7692307692307693,104,80.0,gugod,g0v-data/mirror-minutely
0.7647058823529411,17,13.0,maxiaoteng001,"maxiaoteng001/maxiaoteng-book"
0.7619047619047619,21,16.0,gfw-breaker,gfw-breaker/banned-news
0.7619047619047619,21,16.0,swetecheventsbot,"swedishtechevents/swedishtechevents.github.io"
0.7608695652173914,46,35.0,LCTT-Bot,"LCTT-Bot/TranslateProject"
0.7567567567567568,37,28.0,Waffiliate,"Waffiliate/repoForDelFiles"
0.7560975609756098,123,93.0,hashibiroko,hashibiroko/tanoshi
0.75,4,3.0,alanwardubuntu,"alanwardubuntu/projecte_collab_dades"
0.75,4,3.0,chloekek,chloekek/game
0.75,4,3.0,AntoineAugusti,"AntoineAugusti/antennes-free"
0.75,4,3.0,SoftCreatR,SoftCreatR/sfsbl
0.75,4,3.0,surendrark,"surendrark/surendrark.github.io"
0.75,4,3.0,damng,"damng/hackernews-rss-with-inlined-content"
0.75,4,3.0,utilset,utilset/utils
0.75,4,3.0,renovate[bot],hipages/php-fpm_exporter
0.75,4,3.0,jhygt46,jhygt46/medici
0.75,4,3.0,biau,biau/HomeAssistantConfig
0.75,4,3.0,snoopycrimecop,"snoopycrimecop/infrastructure"
0.75,4,3.0,pie777,pie777/Personal-Website
0.75,4,3.0,snoopycrimecop,"snoopycrimecop/deployment"
0.75,4,3.0,kratz00,"FreifunkFranken/freifunkfranken-community"
0.75,4,3.0,tjbencomo,"tjbencomo/tjbencomo.github.io"
0.75,8,6.0,conda-forge-coordinator,conda-forge/feedstocks
0.75,4,3.0,a5221985,a5221985/tutorials
0.75,16,12.0,seniocaires,seniocaires/rating
0.75,4,3.0,context-machine,offstream-news/wiki-meta
0.75,4,3.0,Marcosaurios,"Marcosaurios/jekyllPortfolio"
0.75,4,3.0,haidaroktafiansyah,"haidaroktafiansyah/laporan-praktikum-pbo"
0.75,4,3.0,wintersoft,"aptonic/dropzone3-actions-zipped"
0.75,4,3.0,cmsbuild,cms-sw/cms-prs
0.75,4,3.0,k03mad,"k03mad/adblock-hosts-list"
0.75,4,3.0,SWING1993,SWING1993/orz
0.75,4,3.0,streamnativebot,streamnative/pulsar
0.75,8,6.0,everhood,"everhood/everhood.github.io"
0.75,8,6.0,adeel,"ncatlab/nlab-content-html"
0.75,24,18.0,mistermochi,OurHealthcareHK/api
0.75,4,3.0,jartisan2001,jartisan2001/latest
0.75,4,3.0,coffe1891,coffe1891/FERD
0.75,4,3.0,rosbuild,osrf/www.ros.org
0.75,4,3.0,cryptobigbro,"cryptobigbro/coinbasepro-XTZ-BTC"
0.75,12,9.0,zhanglianbo35,zhanglianbo35/element
0.75,4,3.0,MohammedYehia,yalla-coop/death
0.75,20,15.0,LeoHung,"LeoHung/mta_status_release"
0.75,4,3.0,cryptobigbro,"cryptobigbro/coinbasepro-XLM-USD"
0.75,4,3.0,cryptobigbro,"cryptobigbro/coinbasepro-DAI-USDC"
0.75,4,3.0,cryptobigbro,"cryptobigbro/coinbasepro-BTC-USDC"
0.75,4,3.0,cryptobigbro,"cryptobigbro/coinbasepro-LTC-BTC"
0.75,4,3.0,Pant,Pant/kali
0.75,16,12.0,hedgespin,hedgespin/sensor_data
0.75,4,3.0,lfd-lists,"linux-mailinglist-archives/linux-xfs.vger.kernel.org.0"
0.75,4,3.0,cryptobigbro,"cryptobigbro/coinbasepro-EOS-BTC"
0.75,4,3.0,OneJane,"OneJane/OneJane.github.io"
0.75,4,3.0,jojoriveraa,jojoriveraa/lootcheck-js
0.75,8,6.0,LionTao,"LionTao/LionTao.github.io"
0.75,4,3.0,knows1,knows1/repository
0.75,4,3.0,rawmean,rawmean/firmwares
0.75,4,3.0,Arjantd,Arjantd/stilteretraite
0.75,4,3.0,ontouchstart,mocaspike150/api
0.75,4,3.0,sanjayankur31,"sanjayankur31/planet-neuroscientists"
0.75,4,3.0,oldengremlin,oldengremlin/133-2017
0.75,4,3.0,HBLong,HBLong/channel_v3_daily
0.75,4,3.0,snoopycrimecop,"snoopycrimecop/kubernetes-apps"
0.75,4,3.0,demee,demee/9to5programming
0.75,4,3.0,Irisowa,"Irisowa/Irisowa.github.io"
0.75,4,3.0,sanjayankur31,"sanjayankur31/planet-neuroscience"
0.75,4,3.0,Nounours31,Nounours31/Bricolage2
0.75,8,6.0,softjourntest,"softjourntest/acme6030Fore2e"
0.75,4,3.0,dotnet-maestro[bot],dotnet/core-sdk
0.7454545454545455,110,82.0,GitClock,GitClock/GitClock
0.7450980392156863,51,38.0,doudidas,"doudidas/configuration-managment"
0.7403846153846154,104,77.0,ItzLevvie,ItzLevvie/Office16
0.7368421052631579,171,126.0,what-time-is-it-bot,mpsq/what-time-is-it
0.7368421052631579,19,14.0,dbenge,AdobeAtAdobe/kirby_docs
0.7368421052631579,19,14.0,Lewatoto,"SparkProjects/alertafuegogt"
0.7352941176470589,34,25.0,newstools,"newstools/2019-the-guardian-nigeria"
0.7313432835820896,67,49.0,SockPuppetry,SockPuppetry/Loop-B
0.7272727272727273,33,24.0,Tainoko,Tainoko/lab
0.7272727272727273,11,8.0,akohlbecker,"cybertaxonomy/cdmlib-apps"
0.7272727272727273,11,8.0,liebe613,liebe613/repository2
0.7272727272727273,11,8.0,ceseo,ceseo/go
0.7272727272727273,143,104.0,m1ha5,m1ha5/testing
0.7261904761904762,84,61.0,javastraat,"BM-Database/database-beta"
0.7222222222222222,18,13.0,haiku-bot,haiku/haiku
0.7222222222222222,18,13.0,nexus-uw,"nexus-uw/make-account-green"
0.7222222222222222,18,13.0,PolishJarvis,"PolishFiltersTeam/PolishSocialCookiesFiltersDev"
0.7222222222222222,18,13.0,MikkCZ,"MozillaCZ/start-mozilla-cz"
0.7207207207207207,111,80.0,donaldsouza,donaldsouza/my_project
0.7142857142857143,7,5.0,Synchunk,Synchunk/www
0.7142857142857143,7,5.0,g-tit-oxygen,"g-tit-oxygen/git-plugin-tests"
0.7142857142857143,7,5.0,cve-team,CVEProject/cvelist
0.7142857142857143,7,5.0,dfcbzs,dfcbzs/fq
0.7142857142857143,7,5.0,freedomtowin,"freedomtowin/algo-trading"
0.7142857142857143,7,5.0,easy-websocket,easy-websocket/b
0.7142857142857143,7,5.0,takumi338,"y0s0k0/freemarket_sample_57a"
0.7142857142857143,7,5.0,funilrys,"Ultimate-Hosts-Blacklist/Airelles_Anti_Sex_Hosts"
0.7142857142857143,7,5.0,mug913,"mug913/oo-tic-tac-toe-online-web-pt-081219"
0.7142857142857143,7,5.0,dfcbzs,dfcbzs/b
0.7142857142857143,7,5.0,cryptobigbro,"cryptobigbro/coinbasepro-CVC-USDC"
0.7142857142857143,7,5.0,AntoineAugusti,"snosan-tools/avurnavs-fichiers"
0.7142857142857143,7,5.0,roderickhsiao,"roderickhsiao/So-You-Think-You-Can-Dance"
0.7142857142857143,7,5.0,marcusrelacion,AIGAdc/DCDW
0.7142857142857143,7,5.0,lfd-lists,"linux-mailinglist-archives/intel-gfx.lists.freedesktop.org.0"
0.7142857142857143,7,5.0,pauloeduardosp,"pauloeduardosp/Controle_de_Luz"
0.7142857142857143,7,5.0,lfd-lists,"linux-mailinglist-archives/xen-devel.lists.xenproject.org.0"
0.7142857142857143,7,5.0,OPSTestPPE,"OPS-E2E-PPE/E2E_DocsBranch_Dynamic"
0.7142857142857143,7,5.0,Synchunk,Synchunk/b
0.7142857142857143,7,5.0,easy-websocket,easy-websocket/www
0.7129629629629629,108,77.0,Ne00n,Ne00n/Hetzner
0.7083333333333334,24,17.0,hackmud-dtr,hackmud-dtr/fragments
0.7058823529411765,17,12.0,solarias,"solarias/simplestone_metadeck"
0.7058823529411765,119,84.0,bossm,bossm/chancechats
0.7040816326530612,98,69.0,lfd-lists,"linux-mailinglist-archives/linux-kernel.vger.kernel.org.0"
0.7,10,7.0,qwopweio11,qwopweio11/repository2
0.7,10,7.0,newstools,newstools/2019-afp
0.7,10,7.0,bossbot6sub,bossbot6sub/bossbotDB
0.7,10,7.0,sylee02,sylee02/synol
0.7,10,7.0,RobbieZifchak,"RobbieZifchak/python-for-loops-lab-ds-apply-000"
0.7,10,7.0,dfcbzs,dfcbzs/ntdtv
0.7,10,7.0,dfcbzs,dfcbzs/djy
0.6956521739130435,23,16.0,Meinersbur,SOLLVE/llvm
0.6950174547762615,3151,2190.0,2aef,2aef/a2ch
0.6923076923076923,13,9.0,ncehk2019,"ncehk2019/nce-live-datasrc"
0.6923076923076923,13,9.0,joenoon,notarydepot/sitemap
0.6923076923076923,13,9.0,yyano,yyano/Qiita-News
0.6923076923076923,26,18.0,xsocide1,xsocide1/repository2
0.6923076923076923,13,9.0,zjuerkzhang,"fullrss/fullrss.github.io"
0.6896551724137931,58,40.0,hknqp,hknqp/test
0.6888888888888889,45,31.0,nlucas2,"nlucas2/BetaStampWebhooksTest"
0.6875,16,11.0,nalgangdov,nalgangdov/repository2
0.6875,16,11.0,mariomash,mariomash/raspiEyes
0.6865671641791045,67,46.0,SockPuppetry,SockPuppetry/Loop-A
0.6861313868613139,137,94.0,TalibAzir,TalibAzir/AllahPadishah
0.6842105263157895,19,13.0,muuud,muuud/muuud.github.io
0.6842105263157895,19,13.0,xndcn,xndcn/smzdm.com
0.6825396825396826,63,43.0,chuan12,chuan12/shenzhouzd
0.6761363636363636,1584,1071.0,othhotro,othhotro/Roo.Exe
0.6739130434782609,46,31.0,monetdb-team,MonetDB/MonetDB
0.673202614379085,612,412.0,2asoft,2asoft/freebsd-ports
0.6724137931034483,58,39.0,MaybeNotWrong,MaybeNotWrong/lc-sep
0.6707317073170732,82,55.0,Bakual,Bakual/joomla-cms
0.6666666666666666,6,4.0,nguyenvanduocit,12bitvn/news.12bit.vn
0.6666666666666666,3,2.0,ASHOKKUMAR-K,ASHOKKUMAR-K/GUVI
0.6666666666666666,3,2.0,mfcp888,mfcp888/otest
0.6666666666666666,3,2.0,bitnami-bot,"bitnami/bitnami-docker-php-fpm"
0.6666666666666666,3,2.0,mfcp888,mfcp888/main
0.6666666666666666,3,2.0,speedtracker-bot,zibyte/speedtracker
0.6666666666666666,3,2.0,OscarHYCheung,standnews/standnews-live
0.6666666666666666,3,2.0,cibergarri,cibergarri/morcilla-Back
0.6666666666666666,3,2.0,chapuni,"llvm-project/llvm-project-20170507"
0.6666666666666666,3,2.0,anastasiia-kryshtop,"forkorganization/test-dev"
0.6666666666666666,6,4.0,SmokeDetector,"Charcoal-SE/SmokeDetector"
0.6666666666666666,9,6.0,nyov,"xonotic/xonotic-data.pk3dir"
0.6666666666666666,3,2.0,eolvera5,"eolvera5/eolvera5.github.io"
0.6666666666666666,3,2.0,flyingsc,flyingsc/experimental
0.6666666666666666,3,2.0,cepreusa,cepreusa/ReactVK
0.6666666666666666,3,2.0,pbaffiliatetwoop,pbaffiliatetwoop/Zalfa
0.6666666666666666,6,4.0,elek,elek/ozone-ci
0.6666666666666666,3,2.0,thureinandmelanie,"thureinandmelanie/thureinandmelanie.github.io"
0.6666666666666666,3,2.0,cosmicc,cosmicc/pyark
0.6666666666666666,3,2.0,acole78,acole78/FE_DYL
0.6666666666666666,3,2.0,cwick,cwick/nand2tetris
0.6666666666666666,24,16.0,hackmud-dtr,"hackmud-dtr/fragments-one-file"
0.6666666666666666,6,4.0,sneeak,sneeak/tmare
0.6666666666666666,3,2.0,VRMMC-VMSA,vilnius/VRMMC
0.6666666666666666,3,2.0,hiiammar,hiiammar/marsrepo
0.6666666666666666,3,2.0,YPermitin,"YPermitin/MagickPlatformHistory"
0.6666666666666666,3,2.0,melchr,melchr/learn-co-sandbox
0.6666666666666666,3,2.0,jxc454,jxc454/udp-histogram
0.6666666666666666,12,8.0,fabianomenegidio,fabianomenegidio/slides
0.6666666666666666,3,2.0,GaoTielin,"GaoTielin/CultlessGame_Project-_1"
0.6666666666666666,3,2.0,usox,usox/stu3
0.6666666666666666,3,2.0,tcgriffith,tcgriffith/owaraisite
0.6666666666666666,3,2.0,Kalyan898,Kalyan898/data-science
0.6666666666666666,3,2.0,ChanceYu,ChanceYu/front-end-rss
0.6666666666666666,9,6.0,lady007,lady007/rep02
0.6666666666666666,3,2.0,sakurano,sakurano/funnypush
0.6666666666666666,6,4.0,iscodesnippet,iscodesnippet/samp
0.6666666666666666,6,4.0,velonigs,velonigs/CosmoXtriker
0.6666666666666666,3,2.0,petergeoghegan,petergeoghegan/postgres
0.6666666666666666,3,2.0,srvanderplas,srvanderplas/ShoeScrapeR
0.6666666666666666,3,2.0,kartikjain26,kartikjain26/testGithub
0.6666666666666666,3,2.0,mazma1,andela/mazus-ah-frontend
0.6666666666666666,3,2.0,Wasp971,Wasp971/SolarTracker
0.6666666666666666,6,4.0,cryptobigbro,"cryptobigbro/coinbasepro-ALGO-USD"
0.6666666666666666,3,2.0,ihebbaneib,ihebbaneib/peacy
0.6666666666666666,9,6.0,Sephirothphoenix,"Sephirothphoenix/Destiny2.info"
0.6666666666666666,3,2.0,pull[bot],nicolaszf/RSSHub
0.6666666666666666,3,2.0,slurp-logs,piscisaureus/slurp-logs
0.6666666666666666,6,4.0,HashTablesNet,"HashTablesNet/bsov-pool.hashtables.net"
0.6666666666666666,3,2.0,JaderH,JaderH/GreenBox
0.6666666666666666,12,8.0,AllyMorson,"AllyMorson/learn-co-sandbox"
0.6666666666666666,3,2.0,mechtron,"mechtron/mechtron.github.io"
0.6666666666666666,3,2.0,Vajrasamaya,"Vajrasamaya/for-loops-readme-data-science-intro-000"
0.6666666666666666,3,2.0,gsocgsoc,gsocgsoc/spam-domains
0.6666666666666666,12,8.0,electic,Blockmodo/coin_registry
0.6666666666666666,6,4.0,michellehuang42,"michellehuang42/jupyter-notebook-introduction-data-science-intro-000"
0.6666666666666666,3,2.0,yangcaicai,yangcaicai/glamourshub00
0.6666666666666666,3,2.0,mmilitzer,mmilitzer/disposable
0.6666666666666666,6,4.0,FineBot,FineBot/see
0.6666666666666666,3,2.0,BUPT-PRIV,BUPT-PRIV/Pet-DOC
0.6666666666666666,6,4.0,tabacitu,Laravel-Backpack/CRUD
0.6666666666666666,3,2.0,se-cibuild,MontiCore/monticore
0.6666666666666666,3,2.0,tonguey,tonguey/data-siles
0.6666666666666666,6,4.0,cryptobigbro,"cryptobigbro/coinbasepro-DNT-USDC"
0.6666666666666666,6,4.0,cryptobigbro,"cryptobigbro/coinbasepro-XLM-BTC"
0.6666666666666666,6,4.0,cryptobigbro,"cryptobigbro/coinbasepro-XRP-EUR"
0.6666666666666666,9,6.0,cryptobigbro,"cryptobigbro/coinbasepro-GNT-USDC"
0.6666666666666666,3,2.0,muskaankularia,"muskaankularia/opencv_contrib"
0.6666666666666666,6,4.0,cryptobigbro,"cryptobigbro/coinbasepro-ZRX-BTC"
0.6666666666666666,6,4.0,cryptobigbro,"cryptobigbro/coinbasepro-EOS-USD"
0.6666666666666666,6,4.0,cryptobigbro,"cryptobigbro/coinbasepro-ETH-BTC"
0.6666666666666666,3,2.0,amake,macports/macports-ports
0.6666666666666666,3,2.0,snoopycrimecop,"snoopycrimecop/ome-codecs"
0.6666666666666666,3,2.0,snoopycrimecop,"snoopycrimecop/ome-metakit"
0.6666666666666666,3,2.0,tc-streets,"tc-streets/tc-streets.github.io"
0.6666666666666666,3,2.0,Morphus,Morphus/test
0.6666666666666666,3,2.0,SeonHyungJo,SeonHyungJo/gardener
0.6666666666666666,9,6.0,opless,opless/teefax-mirror
0.6666666666666666,3,2.0,werbenhu,"werbenhu/php-number-slicing"
0.6666666666666666,3,2.0,specter01wj,"specter01wj/Coding_Practice-Intro_Java_programming"
0.6666666666666666,9,6.0,theirishkiwi,"theirishkiwi/mmj-snipcart"
0.6666666666666666,9,6.0,lfd-lists,"linux-mailinglist-archives/dri-devel.lists.freedesktop.org.0"
0.6666666666666666,12,8.0,TheBramhos,TheBramhos/bhankas-pic
0.6666666666666666,6,4.0,zhangjyr,"wangaoone/LambdaObjectstore"
0.6666666666666666,3,2.0,MichelleTanzil,"MichelleTanzil/learn-co-sandbox"
0.6666666666666666,9,6.0,newstools,"newstools/2019-the-nation-ng"
0.6666666666666666,18,12.0,ceylanb,ceylanb/erciyes_duyuru
0.6666666666666666,6,4.0,19h,19h/heartbeat
0.6666666666666666,6,4.0,funilrys,"Ultimate-Hosts-Blacklist/Phishing.Database"
0.6666666666666666,3,2.0,njncalub,njncalub/malay-natin
0.6666666666666666,6,4.0,lylxrds,"my-friend-was-a-real-tyrant/xz"
0.6666666666666666,6,4.0,gkevlin,gkevlin/ansible
0.6666666666666666,3,2.0,zzzhyb,TianSHH/BIT_IM
0.6666666666666666,3,2.0,asfgit,"apache/servicemix-bundles"
0.6666666666666666,3,2.0,ypeleg,"ypeleg/MinimalIsAllYouNeed"
0.6666666666666666,3,2.0,CodyAnderson,"CodyAnderson/GlobalCircuitGroundStation"
0.6666666666666666,3,2.0,NEWCHANGEBOT,NEWCHANGEBOT/bosbot44
0.6666666666666666,3,2.0,markwturnbull,markwturnbull/devops
0.6666666666666666,6,4.0,r15ch13,Calinou/scoop-games
0.6666666666666666,3,2.0,tdco,tdco/list-creation
0.6666666666666666,3,2.0,mrmicahcooper,"mrmicahcooper/leetcompete"
0.6666666666666666,3,2.0,bobbyslife,"bobbyslife/github-gardener"
0.6666666666666666,3,2.0,anhvu-sg,anhvu-sg/docker-odoo
0.6666666666666666,3,2.0,joanlb,joanlb/studenoder
0.6666666666666666,3,2.0,nathanchance,"ClangBuiltLinux/llvm-project"
0.6571428571428571,35,23.0,cain19811028,"cain19811028/python_notebook"
0.6526315789473685,95,62.0,sWIm-crm,"DHBW-sWIm/mastercrm-vtiger"
0.65,20,13.0,camden2005,"camden2005/camden2005.github.io"
0.6470588235294118,17,11.0,CommanderRoot,"CommanderRoot/twitch-follower-tracker"
0.6470588235294118,17,11.0,pbaffiliate4,"pbaffiliate4/repoSettingsCheckout"
0.6428571428571429,14,9.0,yaobao5354,"yaobao5354/ruby-objects-has-many-lab-online-web-sp-000"
0.6428571428571429,14,9.0,sourceconnect-tests,"sourceconnect-testing/connection"
0.6428571428571429,14,9.0,geiser,"geiser/phd-thesis-evaluation"
0.6428571428571429,14,9.0,"AsteroidTrackerUpdateSystem","AsteroidTracker/AsteroidTrackerService"
0.6363636363636364,11,7.0,sourceconnect-tests,"sourceconnect-testing/subscription"
0.6363636363636364,11,7.0,Roialfassi,"greendeveleap/gan_shmuel_green"
0.6333333333333333,30,19.0,twaclaw,twaclaw/malaga
0.632183908045977,87,55.0,kraj,kraj/poky
0.631578947368421,19,12.0,chrisplatorres,"chrisplatorres/exokit-web"
0.6286764705882353,272,171.0,rkchrome,rockchip-linux/minigui
0.6285714285714286,35,22.0,lfd-lists,"linux-mailinglist-archives/linux-arm-kernel.lists.infradead.org.0"
0.625,8,5.0,zsxs2,zsxs2/zs
0.625,8,5.0,gcf0082,gcf0082/trending
0.625,8,5.0,funilrys,"Ultimate-Hosts-Blacklist/lightswitch05_hosts_ads-and-tracking-extended"
0.625,8,5.0,wiccasoft,"wiccasoft/wiccasoft.github.io"
0.625,8,5.0,dotzero,dotzero/green
0.625,8,5.0,zsxs2,zsxs2/zsxs2.github.io
0.625,24,15.0,nemoluna,nemoluna/nemodb
0.625,16,10.0,triener,triener/home-weewx
0.625,72,45.0,mbakke,guix-mirror/guix
0.625,8,5.0,HoonSungKu,HoonSungKu/HoonSungKu2
0.625,8,5.0,cryptobigbro,"cryptobigbro/coinbasepro-ETH-EUR"
0.625,8,5.0,elnazz,"tommlogan/tommlogan.github.io"
0.625,48,30.0,lfd-lists,"linux-mailinglist-archives/devicetree.vger.kernel.org.0"
0.625,8,5.0,shopsystems-bot,wirecard/reports
0.625,8,5.0,mrhainavn,"mrhainavn/frameworks_base"
0.625,16,10.0,PolishJarvis,"PolishFiltersTeam/PolishAnnoyanceFilters"
0.625,24,15.0,simonw,simonw/sce-outages
0.625,8,5.0,context-machine,offstream-news/wiki-raw
0.625,8,5.0,LovesPictures,LovesPictures/AR_js
0.625,8,5.0,pjamenaja,pjamenaja/magnum-web
0.6190476190476191,21,13.0,sarkiroka,sarkiroka/iw
0.6190476190476191,21,13.0,peicheng,peicheng/hotterm
0.6190476190476191,21,13.0,DmitriiP,DmitriiP/hello-github
0.6176470588235294,34,21.0,TechInterMezzo,"TechInterMezzo/techintermezzo.github.io"
0.6153846153846154,13,8.0,fzqk,fzqk/fzqk.github.io
0.6153846153846154,13,8.0,songjian925,"songjian925/testAutoCommit"
0.6153846153846154,13,8.0,CalFishTrack,CalFishTrack/real-time
0.6111111111111112,36,22.0,mochizuki-pg,"mochizuki-pg/get_github_issues_web"
0.6111111111111112,18,11.0,ishvaram,ishvaram/hackygbit
0.6111111111111112,18,11.0,csagan5,"bromite/bromite.github.io"
0.6097560975609756,41,25.0,astroKaren,"astroKaren/rules-for-derivatives-lab-ds-apply-000"
0.6086956521739131,23,14.0,wenqingyu,"wenqingyu/raspberrypi-log"
0.6071428571428571,28,17.0,Sonic90,Sonic90/StarBlitzX_Unity
0.6,5,3.0,chendachao,chendachao/stone
0.6,5,3.0,dontcallmedom-bot,w3c/spec-dashboard
0.6,5,3.0,qbaohelp,qbaohelp/wantonline
0.6,5,3.0,Interesnij,Interesnij/tr
0.6,5,3.0,snoopycrimecop,"snoopycrimecop/bio-formats-build"
0.6,5,3.0,hagaholm,"hagaholm/Home-AssistantConfig"
0.6,5,3.0,vvanelslande,"vvanelslande/n3ds-result-code-decoder.glitch.me"
0.6,5,3.0,bors[bot],"intellij-rust/intellij-rust"
0.6,5,3.0,ryanbr,easylist/easylist
0.6,5,3.0,github-actions[bot],"mysticatea/eslint-evaluating-issues"
0.6,5,3.0,pull[bot],Pandinosaurus/spark
0.6,5,3.0,pull[bot],zatoichi-labs/substrate
0.6,5,3.0,cryptobigbro,"cryptobigbro/bitmex-XBTZ19"
0.6,5,3.0,cryptobigbro,"cryptobigbro/bitmex-ETHU19"
0.6,15,9.0,newstools,"newstools/2019-sahara-reporters"
0.6,5,3.0,xrickztahx,xrickztahx/pavileonPatch
0.6,5,3.0,Rpsl,Rpsl/greenhat
0.6,15,9.0,racarr01,"racarr01/racarr01.github.io"
0.6,10,6.0,jin407891080,"jin407891080/jin407891080.github.io"
0.6,5,3.0,test-cps,ncaron-mitre/cvelist
0.6,15,9.0,kinlane,"kinlane/the-us-narrative-today"
0.6,5,3.0,cryptobigbro,"cryptobigbro/coinbasepro-ZRX-EUR"
0.6,5,3.0,cryptobigbro,"cryptobigbro/coinbasepro-ETH-USDC"
0.6,5,3.0,cryptobigbro,"cryptobigbro/coinbasepro-LOOM-USDC"
0.6,5,3.0,cryptobigbro,"cryptobigbro/coinbasepro-BCH-GBP"
0.6,5,3.0,cryptobigbro,"cryptobigbro/coinbasepro-ETC-EUR"
0.6,5,3.0,cryptobigbro,"cryptobigbro/coinbasepro-BAT-USDC"
0.6,5,3.0,cryptobigbro,"cryptobigbro/coinbasepro-ETC-USD"
0.6,5,3.0,ibulmer,ibulmer/weather
0.6,5,3.0,cryptobigbro,"cryptobigbro/coinbasepro-ZRX-USD"
0.6,5,3.0,ibulmer,"ibulmer/ibulmer.github.io"
0.6,5,3.0,learn-co-kat,"learn-co-kat/learn-co-sandbox"
0.6,5,3.0,cryptobigbro,"cryptobigbro/coinbasepro-BTC-EUR"
0.6,5,3.0,cryptobigbro,"cryptobigbro/bitmex-ETHUSD"
0.6,5,3.0,cryptobigbro,"cryptobigbro/bitmex-XBTU19"
0.6,20,12.0,yuto1234,"miyuki-muneishi/freemarket_sample_57a"
0.6,5,3.0,lfd-lists,"linux-mailinglist-archives/linux-btrfs.vger.kernel.org.0"
0.6,5,3.0,cryptobigbro,"cryptobigbro/bitmex-XBT7D_U105"
0.6,5,3.0,cryptobigbro,"cryptobigbro/bitmex-XBT7D_D95"
0.6,10,6.0,sahuguet,"ct-studio-buildboard/ST19-02"
0.6,5,3.0,cryptobigbro,"cryptobigbro/bitmex-XBTUSD"
0.6,5,3.0,Unpublished,"Unpublished/GithubTrending"
0.6,5,3.0,boost-commitbot,boostorg/boost
0.6,20,12.0,newstools,"newstools/2019-vanguard-nigeria"
0.6,15,9.0,mmmb1,mmmb1/single_cn
0.6,15,9.0,fxtools,"fxtools/quote_percentages"
0.6,5,3.0,sjonany,"AllenInstitute/swdb_2019_student"
0.6,10,6.0,khheartbr,khheartbr/heroboss2
0.6,5,3.0,vasusethia1,hack-summit/Shivvvas
0.5925925925925926,27,16.0,pull[bot],tcely/aports
0.5925925925925926,27,16.0,mujohn26,mujohn26/FREE-MENTORS
0.5887850467289719,107,63.0,SergeyZh,"JetBrains/intellij-community"
0.5882352941176471,17,10.0,greenhouse-ci,greenhouse-ci/locks
0.5862068965517241,29,17.0,CyrusTheCurator,"bw-clinical-trials/Marketing-Page"
0.5846153846153846,65,38.0,terrepainpaix,terrepainpaix/Tutorial
0.5833333333333334,12,7.0,njgingrich,"njgingrich/whatdidcongressdo"
0.5833333333333334,12,7.0,IranBourseYar,i3130002/BourseYar
0.5833333333333334,24,14.0,lonefintech,"lonefintech/hugo-contrarian"
0.5833333333333334,12,7.0,musework,musework/cra-slider-game
0.5833333333333334,12,7.0,elizparisi,"elizparisi/sinatra-fwitter-group-project-v-000"
0.5833333333333334,12,7.0,hirotaewon,hirotaewon/BTbotSetting
0.5789473684210527,19,11.0,renovate[bot],"terraform-providers/terraform-provider-kubernetes"
0.5757575757575758,33,19.0,pbaffiliate25,"pbaffiliate25/repoForSynchCheckoutPurge"
0.575,40,23.0,boostinwrx,"boostinwrx/ruby-enumerables-hash-practice-green-grocer-lab-dc-web-091619"
0.5714285714285714,7,4.0,rda-dattore,"NCAR/dset-web-accessible-folder-dev"
0.5714285714285714,56,32.0,renovate[bot],"batazor/MyExampleAndExperiments"
0.5714285714285714,7,4.0,oeeen,"1-sunshine/miniprojects-2019"
0.5714285714285714,7,4.0,herrbischoff,herrbischoff/badbots
0.5714285714285714,7,4.0,swirhen,swirhen/anime-podcast
0.5714285714285714,7,4.0,Maddog2050,"Maddog2050/docker-ubuntu1804-ansible"
0.5714285714285714,14,8.0,michaelfm1211,tixte/tixte-dark
0.5714285714285714,7,4.0,phy25,"phy25/calendly_helper_django"
0.5714285714285714,21,12.0,kinoha514k,kinoha514k/vpn-settings
0.5714285714285714,7,4.0,pull[bot],"SudharakaP/generator-jhipster"
0.5714285714285714,7,4.0,lymansnow,voken100g/AutoSSR
0.5714285714285714,14,8.0,ghkddudrms,ghkddudrms/botamdb1
0.5714285714285714,7,4.0,rda-dattore,NCAR/dash-rda-prod
0.5714285714285714,7,4.0,datvance,datvance/noinstagram
0.5714285714285714,21,12.0,FloydvanHassel,"FloydvanHassel/SoloHelmsLogs"
0.5714285714285714,7,4.0,grod220,grod220/TMS-D.A.Carson
0.5714285714285714,7,4.0,kksineric,kksineric/sm
0.5714285714285714,14,8.0,cmsbuild,cms-sw/cms-sw.github.io
0.5714285714285714,7,4.0,cryptobigbro,"cryptobigbro/coinbasepro-LINK-USD"
0.5714285714285714,7,4.0,danieldickison,danieldickison/lay
0.5714285714285714,7,4.0,cryptobigbro,"cryptobigbro/coinbasepro-REP-BTC"
0.5714285714285714,7,4.0,cryptobigbro,"cryptobigbro/coinbasepro-XRP-USD"
0.5714285714285714,7,4.0,cryptobigbro,"cryptobigbro/coinbasepro-ZEC-BTC"
0.5714285714285714,7,4.0,cryptobigbro,"cryptobigbro/coinbasepro-LTC-GBP"
0.5714285714285714,7,4.0,cryptobigbro,"cryptobigbro/coinbasepro-ETH-USD"
0.5714285714285714,7,4.0,context-machine,offstream-news/public
0.5714285714285714,7,4.0,sahuguet,"ct-studio-buildboard/ST19-18"
0.5714285714285714,7,4.0,osb1028,osb1028/osbosb1028
0.5714285714285714,7,4.0,newstools,"newstools/2019-business-tech"
0.5714285714285714,14,8.0,bluespice-github-bot,hallowelt/mediawiki
0.5714285714285714,7,4.0,thirstycode,"thirstycode/Raspi-output-catcher"
0.5714285714285714,14,8.0,l,l/debian-handbook-test
0.5714285714285714,14,8.0,"sustainabledevelopment-Namibia","sustainabledevelopment-Namibia/Site"
0.5702743142144638,10025,5717.0,tree-bot,mirror-land/bzip2
0.5625,16,9.0,allinoneapps,allinoneapps/repo
0.5625,16,9.0,bibletld,"bibletld/bibletld.github.io"
0.5555555555555556,9,5.0,mariusvniekerk,"conda-forge/staged-recipes"
0.5555555555555556,9,5.0,newstools,newstools/2019-ktn-news
0.5555555555555556,9,5.0,fredbelotte,revaturexyz/platformxyz
0.5555555555555556,9,5.0,lfd-lists,"linux-mailinglist-archives/linuxppc-dev.lists.ozlabs.org.0"
0.5555555555555556,9,5.0,7kingca,7kingca/dbbossbot
0.5555555555555556,9,5.0,sahuguet,"ct-studio-buildboard/ST19-09"
0.5555555555555556,9,5.0,funilrys,"dead-hosts/rlwpx.free.fr.hrsk_git_FadeMind"
0.5555555555555556,9,5.0,hadiahameed,"hadiahameed/hadiahameed.github.io"
0.5531914893617021,47,26.0,axusmark,"grupo-frontend/frontend-angular"
0.55,20,11.0,simpco,simpco/simpco.github.io
0.55,20,11.0,m6ram,m6ram/m6ram.github.io
0.5483870967741935,31,17.0,exo-swf,exodev/platform
0.5483870967741935,31,17.0,wso2-jenkins-bot,wso2/carbon-data
0.5454545454545454,11,6.0,tumhopaasmere,"tumhopaasmere/tumhopaasmere"
0.5454545454545454,11,6.0,cai1i,cai1i/test
0.5454545454545454,11,6.0,funilrys,"dead-hosts/just-domains_web_malwaredomains.com"
0.5454545454545454,11,6.0,aseventhimpossiblething,"aseventhimpossiblething/workPortal"
0.5431034482758621,116,63.0,wpt-pr-bot,web-platform-tests/wpt
0.5416666666666666,24,13.0,adon0420023,adon0420023/Newton
0.5416666666666666,24,13.0,OXIIVIA,"OXIIVIA/freemarket_sample_57d"
0.5416666666666666,24,13.0,lfd-lists,"linux-mailinglist-archives/driverdev-devel.linuxdriverproject.org.0"
0.5416666666666666,24,13.0,abc873693,NKUST-ITC/NKUST-AP-API
0.5384615384615384,13,7.0,ZzkilzZ,N0Reload/Born2Crysis
0.5384615384615384,13,7.0,Erica-Ryan,"Erica-Ryan/Erica-Ryan.github.io"
0.5362318840579711,69,37.0,aabuauf,"aabuauf/playlister-sinatra-online-web-ft-071519"
0.5348837209302325,43,23.0,pull[bot],moimikey/homebrew-cask
0.5333333333333333,15,8.0,bquinonez,"bquinonez/learn-co-sandbox"
0.5333333333333333,15,8.0,ViktoriiaBeznisko,"ViktoriiaBeznisko/programming-univbasics-4-array-simple-array-manipulations-online-web-prework"
0.532967032967033,364,194.0,"MultichartsScannerDataChecker","multicharts/scanner-check"
0.5294117647058824,17,9.0,yeszzzz,yeszzzz/time2
0.5294117647058824,17,9.0,pappukr4444,"pappukr4444/Competitive_Programming"
0.5263157894736842,19,10.0,SvenRoederer,"SvenRoederer/openwrt-packages"
0.5263157894736842,19,10.0,jhaemin,paywteam/eodiro
0.5263157894736842,19,10.0,himang1124,himang1124/bosstime3
0.5238095238095238,21,11.0,hche608,hche608/hax3-parent
0.5217391304347826,23,12.0,cm3z4,cm3z4/Joke_Bot
0.5214723926380368,489,255.0,moz-v2v-gh,mozilla/gecko-dev
0.52,25,13.0,supertester00,supertester00/Galileo
0.52,25,13.0,bluerob45,bluerob45/Aristotle
0.52,25,13.0,kodiccloud100,kodiccloud100/Lincoln
0.5172413793103449,29,15.0,midenok,MariaDB/server
0.5161290322580645,62,32.0,MeinerLP1,MeinerLP1/CloudNet
0.5137931034482759,290,149.0,alex-tee,zrythm/zrythm
0.5116279069767442,43,22.0,mihaiblaga89,pavjacko/renative
0.5066666666666667,75,38.0,facebook-github-bot,pytorch/pytorch
0.5061728395061729,81,41.0,karimiehsan90,nimbo3/Keenbo
0.5053763440860215,93,47.0,pull[bot],kmpaul/staged-recipes
0.5043103448275862,232,117.0,anawinwz,"WebmasterCamp/ywc17-landing"
0.5034324942791762,437,220.0,guyfreund,demisto/content
0.5004784688995215,1045,523.0,tigefa4u,tigefa4u/gitlabhq
0.5,2,1.0,freeipa-pr-ci,freeipa-pr-ci/freeipa
0.5,2,1.0,hailey99,"hailey99/hailey99.github.io"
0.5,2,1.0,xeduardomx,"xeduardomx/sysone-admision"
0.5,4,2.0,mishra-amrit,"project-vienna/vienna-microgateway"
0.5,4,2.0,Cu3PO42,Cu3PO42/SVEx-Crawler
0.5,4,2.0,bitnami-bot,"bitnami/bitnami-docker-node"
0.5,2,1.0,joanlb,joanlb/wplengine
0.5,2,1.0,lhminh167,lhminh167/tssnextjs
0.5,2,1.0,Danilo97,Danilo97/salzo2
0.5,2,1.0,trung,"jpmorganchase/jpmorganchase.github.io"
0.5,2,1.0,weilijing,BitPoppop/Poppop
0.5,2,1.0,VividLau,"VividLau/1p3a_python_script"
0.5,2,1.0,jdmcleod,Jeremy-Walton/riskCalc
0.5,4,2.0,muratmtunc,"muratmtunc/muratmtunc.github.io"
0.5,2,1.0,dpiponi,dpiponi/Stellarator
0.5,4,2.0,echenatwork,echenatwork/BuddyBank
0.5,4,2.0,bitnami-bot,"bitnami/bitnami-docker-python"
0.5,2,1.0,oleg-cherednik,oleg-cherednik/zip4j
0.5,2,1.0,L1nwatch,L1nwatch/stock_deal
0.5,4,2.0,Nishanthravula,"parshuramreddysudda/Primefort-2.0"
0.5,10,5.0,523860169,523860169/hosts
0.5,6,3.0,523860169,523860169/list
0.5,2,1.0,alexyangjie,"alexyangjie/domains-blacklist"
0.5,2,1.0,cindycheunggg,"cindycheunggg/cindycheunggg.github.io"
0.5,2,1.0,Lancger,Lancger/study_new
0.5,8,4.0,mpw5,mpw5/fq-scores
0.5,4,2.0,gitmetocean,"metocean/operational-models"
0.5,18,9.0,mateimicu,mateimicu/auto-tag
0.5,4,2.0,Buggerfal,Buggerfal/gun-idle
0.5,4,2.0,anisoncharts,"anisoncharts/anisoncharts.github.io"
0.5,2,1.0,outt-iao,"outt-iao/outt-iao.github.io"
0.5,2,1.0,gganssle,gganssle/scimirrorbot
0.5,2,1.0,jzohrab,jzohrab/emacs.d
0.5,2,1.0,gnjo,gnjo/quest
0.5,2,1.0,funilrys,"Ultimate-Hosts-Blacklist/BadIPs.com_Level_4"
0.5,2,1.0,jadtarsheshe,jadtarsheshe/Bakery
0.5,2,1.0,ashleywong678,"ashleywong678/plant-nexus-backend"
0.5,8,4.0,qwertyuiop09,"qwertyuiop09/qwertyuiop09.github.io"
0.5,2,1.0,dotnet-maestro[bot],dotnet/core-setup
0.5,8,4.0,calvinmac40,"calvinmac40/school-domain-online-web-pt-081219"
0.5,6,3.0,funilrys,"Ultimate-Hosts-Blacklist/BadIPs.com_Level_3"
0.5,2,1.0,justthedoctor,justthedoctor/coinbin
0.5,2,1.0,pull[bot],tgly307/RSSHub
0.5,4,2.0,despottt,despottt/flexcourse
0.5,2,1.0,saechimdaeki,"SophieYoonseo/Jeonju_culturallife"
0.5,2,1.0,garyu69,garyu69/test_postman
0.5,12,6.0,exo-swf,exodev/ecms
0.5,2,1.0,hookzof,hookzof/socks5_list
0.5,2,1.0,guidobonerz,guidobonerz/nerdsuite
0.5,2,1.0,mashinosatoshi,"mashinosatoshi/sample_node_express"
0.5,4,2.0,gedoor,gedoor/legado
0.5,22,11.0,fredriss,apple/swift-llvm
0.5,2,1.0,stevenmburns,"ALIGN-analoglayout/ALIGN-public"
0.5,6,3.0,fredriss,apple/swift-clang
0.5,16,8.0,opse2esa,"opse2esa/E2E_RepoSync_Public_PPE"
0.5,2,1.0,SDL-mirror-bot,SDL-mirror/SDL
0.5,2,1.0,Automedon,"Automedon/CodeWars-7-kyu-Soluitions-part-2"
0.5,2,1.0,forwardNow,forwardNow/study
0.5,2,1.0,MarkPaspirgilis,"kirschstern/the_ring_club"
0.5,2,1.0,javasmuse,"JHowell78/SpringMVCFilmCRUD"
0.5,2,1.0,tayoakinbiyi,tayoakinbiyi/statgen
0.5,2,1.0,qurben,csrdelft/productie
0.5,2,1.0,seisman,gmt-china/GMT_docs
0.5,16,8.0,JonneyDong,JonneyDong/st
0.5,10,5.0,Pomile,"andela/banshee-bn-backend"
0.5,2,1.0,xpqx,"xpqx/advancedInformationSecurity"
0.5,18,9.0,norhap,"norhap/enigma2-openvision"
0.5,2,1.0,stupidzhangsj,stupidzhangsj/solo-blog
0.5,2,1.0,guimabdo,guimabdo/guidotnet
0.5,6,3.0,yoonseulki,yoonseulki/repository2
0.5,2,1.0,csunkara74,csunkara74/devops101
0.5,2,1.0,botsteve,botsteve/databaseProject
0.5,4,2.0,berenm,bminor/mesa-mesa
0.5,2,1.0,ghuntley,ghuntley/workshops
0.5,4,2.0,NguyenDuyTruong1998,"NguyenDuyTruong1998/myProjects"
0.5,2,1.0,violinist-bot,"violinist-dev/open_social"
0.5,2,1.0,y-yagi,rails/rails
0.5,6,3.0,honasassa,honasassa/tnet-archive
0.5,2,1.0,plug-n-play,plug-n-play/gurbani
0.5,4,2.0,ryan-roebuck,"ryan-roebuck/ryan-roebuck.github.io"
0.5,2,1.0,statesman4,statesman4/AAAA
0.5,6,3.0,TAKUMI-OWARI,"TAKUMI-OWARI/freemarket_sample_51_a"
0.5,2,1.0,miruetoto,"miruetoto/miruetoto.github.io"
0.5,2,1.0,HMellor,"mashematics/ta-silent-auction"
0.5,2,1.0,marvinborner,"Jugendhackt/JugendhacktApp"
0.5,4,2.0,Michael-F-Bryan,"Michael-F-Bryan/adventures-in-motion-control"
0.5,2,1.0,tbodt,tex-mirror/luatex
0.5,2,1.0,pull[bot],mark0725/tensorflow
0.5,2,1.0,Sean-Dalrymple,GraemeRombough/HRGO
0.5,2,1.0,emadsi,F14di/FE_Admin_Dashboard
0.5,2,1.0,OPSTestPPE,"OPS-E2E-PPE/azure-docs-cli-python"
0.5,2,1.0,fruit-in,fruit-in/LeetCode
0.5,2,1.0,AbelNavarro,AbelNavarro/ghbooster
0.5,6,3.0,VBulanyi,VBulanyi/dist
0.5,4,2.0,darrowco,darrowco/kdx175
0.5,2,1.0,dtzWill,llvm-mirror/lldb
0.5,2,1.0,TheDeaX-Lab,"TheDeaX-Lab/freeticket_su"
0.5,2,1.0,tomwey,"tomwey/job_salary_backend"
0.5,2,1.0,EfimovALni,EfimovALni/Java
0.5,2,1.0,SUNsung,SUNsung/fap
0.5,2,1.0,JoaoGFarias,"JoaoGFarias/JoaoGFarias.github.io"
0.5,2,1.0,realappie,realappie/ngx-intl
0.5,8,4.0,DavidMikeSimon,DavidMikeSimon/lotsa
0.5,24,12.0,cymok,cymok/cymok.github.io
0.5,2,1.0,EmilAndreasyan,"EmilAndreasyan/learn-co-sandbox"
0.5,2,1.0,gamuwo,gamuwo/gamuwo
0.5,6,3.0,decaffeinate-bot,"decaffeinate-examples/coffeelint"
0.5,2,1.0,yamaguchi-dai,"yamaguchi-dai/git_training"
0.5,2,1.0,gavinquirk,gavinquirk/pix
0.5,2,1.0,henriquegogo,henriquegogo/quiz
0.5,2,1.0,raptorf1,zanenkn/KattBNB_client
0.5,2,1.0,dospina813,dospina813/masspool
0.5,4,2.0,jqwest,"jqwest/javascript-intro-to-functions-lab-bootcamp-prep-000"
0.5,2,1.0,Ocramius,"Ocramius/GeneratedHydrator"
0.5,2,1.0,53water,"53water/53water.github.io"
0.5,2,1.0,snoopycrimecop,"snoopycrimecop/bio-formats-documentation"
0.5,2,1.0,maryfries,bjc-edc-2017-18/bjc-r
0.5,8,4.0,baesparza,"InDevelopmentCompany/Ascendere-Platform"
0.5,10,5.0,sewonkimm,"soyoungjeong/EmojiByEternal"
0.5,8,4.0,LidorAbo,LidorAbo/Experiment
0.5,2,1.0,iBug,iBug/iBug.github.io
0.5,6,3.0,zhengruitao,"zhengruitao/zhengruitao.github.io"
0.5,4,2.0,Antidote,AxioDL/zeus
0.5,2,1.0,Landre,Landre/masterthesis
0.5,2,1.0,adamcsigas,"green-fox-academy/adamcsigas"
0.5,2,1.0,lucasweaverlah,lucasweaver10/temp
0.5,2,1.0,shaharmor,"shaharmor/node-module-boilerplate"
0.5,2,1.0,aaarne,Roboy/gelataio-boy
0.5,2,1.0,tomwillfixit,"tomwillfixit/GithubActions-Docker"
0.5,4,2.0,pull[bot],jarvanh/Netch
0.5,80,40.0,dependabot-preview[bot],ffflorian/api-clients
0.5,10,5.0,meinou,codelab-fun/codelab
0.5,2,1.0,joe-conigliaro,vlang/vc
0.5,10,5.0,malizemuse,"malizemuse/ruby-enumerables-hash-practice-green-grocer-lab-online-web-prework"
0.5,2,1.0,NealGarrison,"mshsstemclub/mshsstemclub.github.io"
0.5,2,1.0,rfreemansol1982,"rfreemansol1982/survey_test"
0.5,4,2.0,vitorhariel,vitorhariel/monitory
0.5,4,2.0,kellinder,kellinder/kellinder2
0.5,2,1.0,SabhyaC26,"SabhyaC26/Coding-Interview-Questions"
0.5,2,1.0,TheBrianMok,"TheBrianMok/TheBrianMok.github.io"
0.5,2,1.0,suertang,suertang/MMDigtal
0.5,2,1.0,vikas007bhutani,"vikas007bhutani/nodemysql"
0.5,2,1.0,mousemun,mousemun/cookbook-ration
0.5,2,1.0,sofeeGud,sofeeGud/java-core-grom
0.5,2,1.0,AbhinathK,AbhinathK/my-portfolio
0.5,2,1.0,kassbohm,kassbohm/hib-snippets
0.5,14,7.0,Yossig,AdoptADog/server
0.5,2,1.0,Hawkart,Hawkart/darestreams
0.5,72,36.0,htynkn,htynkn/spring-boot
0.5,2,1.0,leven-cn,"leven-cn/dookbook-doc-devel"
0.5,2,1.0,yfdoor,yfdoor/solo-blog
0.5,2,1.0,fangpenlin,fangpenlin/open-doodles
0.5,2,1.0,darscan,"snyk-fixtures/npm-lockfiles"
0.5,2,1.0,bhanupratapys,dnswarden/blocklist
0.5,2,1.0,benzguo,openscrape/filmbot
0.5,2,1.0,xiangming25,"xiangming25/xiangming25.github.io"
0.5,4,2.0,vahid-dan,CareyLabVT/SCCData
0.5,14,7.0,marcelstoer,"marcelstoer/nodemcu-custom-build"
0.5,4,2.0,Uticodes,"Uticodes/BlessFlame_FrontEnd"
0.5,6,3.0,clonex10100,"clonex10100/advanced-hashes-hashketball-online-web-prework"
0.5,12,6.0,jaanan,jaanan/koulutuskanta
0.5,4,2.0,VasilevaDO,"VasilevaDO/python-variables-lab-data-science-intro-000"
0.5,2,1.0,Vertfromage,"Vertfromage/Vertfromage.github.io"
0.5,4,2.0,kishima,kishima/mruby
0.5,2,1.0,ClassyBot,"ClassyBot/ClassicPress-nightly"
0.5,32,16.0,triforcecoin,"triforcecoin/triforcecoin"
0.5,2,1.0,GuzhengAlive,GuzhengAlive/gza-rebuild
0.5,2,1.0,danielsistrunk,"danielsistrunk/devotedtodestruction.github.io"
0.5,2,1.0,Castau,"Castau/Week-36-Assignments"
0.5,2,1.0,lucaskurata,Daniel-Otaviano/NIXIS
0.5,2,1.0,amerlescucodez,"amerlescucodez/faye-docker-ruby"
0.5,2,1.0,sw005320,espnet/espnet
0.5,4,2.0,OPSTestPPE,OPS-E2E-PPE/xref-ref-ppe
0.5,10,5.0,mludowise,"mludowise/sketch-plugin-directory-plus"
0.5,2,1.0,daviehh,daviehh/fanshim-cpp
0.5,6,3.0,Josep-h,"Josep-h/paragraph-level_implicit_discourse_relation_classification"
0.5,2,1.0,arek99,arek99/ohadflab
0.5,4,2.0,InerLeeLofgren,props-plus/Backend
0.5,2,1.0,kristinamotte,kristinamotte/pillbox
0.5,26,13.0,EtivenKodi,EtivenKodi/Hawking
0.5,26,13.0,tommy605,tommy605/Tesla
0.5,24,12.0,tacotaco2,tacotaco2/Curie
0.5,24,12.0,SousanCCloud,SousanCCloud/Vinci
0.5,28,14.0,llopez0814,llopez0814/Heisenberg
0.5,12,6.0,kunfayakun,kunfayakun/kunfayakun
0.5,12,6.0,jobhimain,jobhimain/jobhimain
0.5,24,12.0,eodccloud,eodccloud/Einstein
0.5,8,4.0,yogiklatt,"yogiklatt/DCS_OperationBaguette"
0.5,2,1.0,arthurho,arthurho/kinderkamackpt
0.5,14,7.0,teolemon,"openfoodfacts/openfoodfacts-server"
0.5,2,1.0,BetaMee,"BetaMee/betamee.github.io"
0.5,2,1.0,Djang0starr,"Djang0starr/programming-univbasics-4-intro-to-hashes-lab-seattle-web-091619"
0.5,12,6.0,jhuesos,jhuesos/jvega.dev
0.5,2,1.0,jaux,jaux/webstorm-settings
0.5,4,2.0,87591,87591/increase00
0.5,2,1.0,steemleo,"steem-engine-exchange/nitrous"
0.5,6,3.0,topnuomi,topnuomi/TOP-framework
0.5,2,1.0,volcanohong,volcanohong/uneed
0.5,6,3.0,trusteeee,trusteeee/AutoPaster
0.5,2,1.0,liujingchao0519,"liujingchao0519/notes-2019"
0.5,2,1.0,devinreeh,devinreeh/btre_project
0.5,2,1.0,asengupta,asengupta/seequuarress
0.5,2,1.0,kid-wumeng,kid-wumeng/mana
0.5,8,4.0,JohnCremona,LMFDB/lmfdb
0.5,2,1.0,webcpp,webcpp/gslpp
0.5,4,2.0,stepan2019,stepan2019/Carpass
0.5,8,4.0,Mirlington,"dongmeilim/Assignment_3_206"
0.5,4,2.0,johnroper100,johnroper100/Tonalite
0.5,4,2.0,ItsSebbLOL,"Beijing-Institute-of-Technology-CS/Vivid"
0.5,62,31.0,lenchvolodymyr,"BinaryStudioAcademy/bsa-2019-metrica"
0.5,2,1.0,simonequarticelli,"simonequarticelli/BoolBnb-gruppo-2"
0.5,2,1.0,markrendle,RendleLabs/docs
0.5,2,1.0,Ismael-Molina,Ismael-Molina/Libro-2
0.5,8,4.0,meg4z0rd,meg4z0rd/de-whyred
0.5,2,1.0,jneilliii,"jneilliii/OctoPrint-GCodeThumbs"
0.5,2,1.0,ABCTecnology,ABCTecnology/Equipo17
0.5,2,1.0,rugyoga,"rugyoga/rugyoga.github.io"
0.5,12,6.0,muroslavko,"BinaryStudioAcademy/bsa-2019-ide"
0.5,2,1.0,albertnetymk,"albertnetymk/albertnetymk.github.io"
0.5,10,5.0,newstools,"newstools/2019-sundiata-post"
0.5,2,1.0,deraen-robot,cljsjs/cljsjs.github.io
0.5,2,1.0,mpendulomalangza,"nsfas/studentSelfServicePortal"
0.5,2,1.0,Mrdapeng,Mrdapeng/github-gardener
0.5,2,1.0,Crymsius,Crymsius/Crymsius-filter
0.5,2,1.0,imlazywithazismyname,Wallvon/AZ-Bot
0.5,2,1.0,sami-suliman,"sami-suliman/ruby-objects-has-many-through-readme-online-web-ft-081219"
0.5,2,1.0,e-koch,Astroua/LocalGroup-VLA
0.5,2,1.0,karateke,"karateke/karateke.github.io"
0.5,16,8.0,Rikuya-Matsuo,Yutaro-Ono/ScrapScramble
0.5,2,1.0,DobroAlex,"DobroAlex/JS_Practise_SchoolBoyDiary"
0.5,2,1.0,violinist-bot,"violinist-dev/drupal-agile"
0.5,4,2.0,pakeji,pequet/coins-by-id
0.5,4,2.0,robbot006,"rob006-software/flarum-lang-polish"
0.5,10,5.0,Jinsoo11,Jinsoo11/repository1
0.5,2,1.0,xndcn,xndcn/cn.engadget.com
0.5,2,1.0,maixingyan,"zhongyishenyan/AccessControlSystem"
0.5,2,1.0,leandrocodes,"leandrocodes/vue.js-studies"
0.5,2,1.0,Valtosin,"frosty-dev/white-dream-main"
0.5,2,1.0,hostcommit,bastiandg/hosts
0.5,8,4.0,chrisy,chrisy/vpp
0.5,2,1.0,r2d212345,cnels127/JARND
0.5,4,2.0,davi13,davi13/node-task_manager
0.5,6,3.0,violinist-bot,"violinist-dev/drupal-pyramid"
0.5,2,1.0,despottt,despottt/productive_remo
0.5,4,2.0,jonathantan123,"jonathantan123/ruby-enumerables-cartoon-collections-lab-nyc-web-091619"
0.5,2,1.0,MrHate,exorteam/Exort
0.5,40,20.0,para39,17cuA/ActionGame
0.5,2,1.0,webgeardarko,"webgeardarko/webgeardarko.github.io"
0.5,2,1.0,nsolomon-nycc,"NewYorkCityCouncil/Parks_PA"
0.5,4,2.0,akardet,akardet/nullui-v2
0.5,2,1.0,BillKroger,"BillKroger/billkroger.github.io"
0.5,2,1.0,pCYSl5EDgo,"pCYSl5EDgo/UniNativeLinq-EditorExtension"
0.5,2,1.0,lshlsh7633,lshlsh7633/repository2
0.5,10,5.0,thilo-behnke,ls1intum/Artemis
0.5,4,2.0,speedtracker-bot,skusunam/speedtracker
0.5,2,1.0,evanaeva,evanaeva/My-Portfolio
0.5,4,2.0,87591,87591/increase01
0.5,6,3.0,6DDUU6,6DDUU6/6DDUU6.github.io
0.5,4,2.0,hjylewis,hjylewis/esplint
0.5,2,1.0,khuthy,khuthy/yakha-project
0.5,2,1.0,bruxy70,"bruxy70/CZ-Public-Transport"
0.5,2,1.0,lynkeib,lynkeib/LeetCode
0.5,2,1.0,Steve-bbo,Steve-bbo/repository1
0.5,2,1.0,magnolium,magnolium/Battleship
0.5,4,2.0,cryptobigbro,"cryptobigbro/bitmex-LTCU19"
0.5,2,1.0,RathcooleMedicalCentre,"RathcooleMedicalCentre/RathcooleMedicalCentre"
0.5,2,1.0,v2sual,Xuans/v2sual
0.5,2,1.0,ATiltedTree,ATiltedTree/projectbot
0.5,2,1.0,GitDzreal93,GitDzreal93/solo-blog
0.5,2,1.0,asfgit,apache/lucene-solr
0.5,2,1.0,bryan2893,"bryan2893/front-jehova-jireth-manager"
0.5,4,2.0,alienwow,dotnetcore/WTM
0.5,2,1.0,mitchweaver,bonsai-linux/bonsai
0.5,2,1.0,maelle,lockedata/cransays
0.5,2,1.0,vioravis,vioravis/image-viewer
0.5,2,1.0,codesbull,"codesbull/codesbull.github.io"
0.5,2,1.0,snoopycrimecop,"snoopycrimecop/bioformats"
0.5,2,1.0,leeze2012,"leeze2012/leeze2012.github.io"
0.5,2,1.0,mayankchauhan971,"mayankchauhan971/yoddhasWebsite"
0.5,2,1.0,kantera800,prplfoundation/prplMesh
0.5,2,1.0,sudoxd,"sudoxd/xyz.sudoxd.phone-nightly"
0.5,6,3.0,sebb94,sebb94/music_player
0.5,2,1.0,boely,uva/prog-natster
0.5,2,1.0,htynkn,htynkn/dubbo
0.5,2,1.0,mapr-devops,mapr/incubator-sentry
0.5,2,1.0,ginami0129g,"ginami0129g/Baekjoon-jh05013"
0.5,2,1.0,parkjs814,"parkjs814/gt-schedule-crawler"
0.5,2,1.0,swiftenv,kylef/swiftenv-api
0.5,2,1.0,blyndiuk,blyndiuk/popular-movies
0.5,4,2.0,myktmht,"myktmht/freemarket_sample_53b"
0.5,2,1.0,yatabis,yatabis/TechLion
0.5,2,1.0,dattrong,dattrong/hello123
0.5,2,1.0,WEN1WE,WEN1WE/PAT
0.5,2,1.0,cyBerta,deltachat/deltachat-ios
0.5,2,1.0,mpskeeter,mpskeeter/twitch-list
0.5,4,2.0,mahmoudZakaria90,"mahmoudZakaria90/fancy-camera"
0.5,2,1.0,hamanovich,hamanovich/frontview
0.5,4,2.0,davidebeatrici,mumble-voip/mumble-www
0.5,2,1.0,speedygirl,"speedygirl/daw-access-tesi"
0.5,2,1.0,sullytech,"ccmakers/ccmakers-website"
0.5,2,1.0,goldenplec,goldenplec/nr-handbook
0.5,2,1.0,drunkhsun,dragonleolin/books
0.5,6,3.0,JustMeErazem,"deadhead420/anarchy-linux"
0.5,204,102.0,patrick91,pythonitalia/pycon
0.5,2,1.0,idrop,"alphagov/verify-proxy-node"
0.5,14,7.0,Noltari,Noltari/openwrt
0.5,6,3.0,immoonancient,"immoonancient/YTSubtitles"
0.5,16,8.0,lordvarys,"project-jd/broken-promise"
0.5,2,1.0,SantaClausNL,SantaClausNL/Coding
0.5,4,2.0,skia-flutter-autoroll,"skia-flutter-autoroll/engine"
0.5,2,1.0,rootzoll,rootzoll/raspiblitz
0.5,2,1.0,Alchemy-Meister,"Alchemy-Meister/TekkenBot"
0.5,2,1.0,holmio,holmio/ws-4
0.5,4,2.0,zabojcaspamu,"zabojcaspamu/spamassassin_rules"
0.5,2,1.0,artreikan,"artreikan/artreikan.github.io"
0.5,2,1.0,eduardozgz,"eduardozgz/member-counter-bot"
0.5,4,2.0,bitnami-bot,"bitnami/bitnami-docker-java"
0.5,4,2.0,mhop,mhop/fhem-mirror
0.5,6,3.0,outman2016,outman2016/t
0.5,2,1.0,bitnami-bot,"bitnami/bitnami-docker-harbor-registry"
0.5,2,1.0,Florp22,"Florp22/undecided-origins"
0.5,2,1.0,lizhongyue248,lizhongyue248/solo-blog
0.5,6,3.0,sqeven,sqeven/gcr.io
0.5,2,1.0,liumeng1201,liumeng1201/weekly_books
0.5,158,79.0,GiantTreeLP,CloudNetService/CloudNet
0.5,2,1.0,funilrys,"Ultimate-Hosts-Blacklist/Michael_Trimms_Hosts"
0.5,2,1.0,raimavarghese,"TroodonTech/Ticketing_System"
0.5,4,2.0,yaichenbaum,UWPCommunity/Quick-Pad
0.5,2,1.0,kindrarichie,"kindrarichie/kindrarichie.github.io"
0.5,6,3.0,brayomumo,brayomumo/Instagram
0.5,2,1.0,WhonixBOT,"WhonixBOT/WhonixWikiBackups"
0.5,2,1.0,tomsonL,tomsonL/star-front
0.5,6,3.0,MusicZ2019,MusicZ2019/Trash-Baby
0.5,8,4.0,cryptobigbro,"cryptobigbro/coinbasepro-LINK-ETH"
0.5,2,1.0,giorgioelrey,"giorgioelrey/testing-with-junior"
0.5,2,1.0,lzehl,"HumanBrainProject/HBP-MINDS"
0.5,2,1.0,yamanoku,yamanoku/reading
0.5,2,1.0,derpierre65,derpierre65/WCF-Packages
0.5,2,1.0,rswamina,ESMValGroup/ESMValTool
0.5,2,1.0,beevik,beevik/AppleWinX
0.5,4,2.0,snoopycrimecop,snoopycrimecop/ome-model
0.5,4,2.0,nassafou,nassafou/InstaNg
0.5,2,1.0,enlightenedpie,supertutortv/buddha
0.5,2,1.0,haycheng,haycheng/basic-knowledge
0.5,2,1.0,vinceduong,vinceduong/Matcha
0.5,2,1.0,anarosas,"travis-repos/chirp-org-production"
0.5,2,1.0,Desmis,Beep6581/RawTherapee
0.5,2,1.0,Takayuu1210,"akita-lab-2019/InvertedRun"
0.5,2,1.0,maxhbr,maxhbr/rail
0.5,6,3.0,pull[bot],radiantly/free-for-dev
0.5,2,1.0,Jokerboozp,"Jokerboozp/Jokerboozp.github.io"
0.5,2,1.0,fourjuaneight,fourjuaneight/dotfiles
0.5,6,3.0,FiendChain,kfcpaladin/sze-the-game
0.5,2,1.0,hosinjung,hosinjung/NAS
0.5,2,1.0,DavidBetteridge,"YorkDevelopers/yorkdevelopers.github.io"
0.5,42,21.0,AgustinLorenzo,"AgustinLorenzo/android_device_leeco_zl1"
0.5,2,1.0,dotnet-maestro[bot],dotnet/performance
0.5,6,3.0,MIrgyPratama,"MIrgyPratama/laporan-praktikum-pbo-2019"
0.5,2,1.0,VincentGaoHJ,VincentGaoHJ/Blog
0.5,2,1.0,NguyenHung151626,"NguyenHung151626/IOS_Training"
0.5,2,1.0,cgnorthcutt,cgnorthcutt/veneer
0.5,2,1.0,rob-blackbourn,"rob-blackbourn/message-bus"
0.5,2,1.0,mothnode,"HITECHCRIME/HC_SG124_Dryspace"
0.5,2,1.0,snoopycrimecop,snoopycrimecop/ome-poi
0.5,2,1.0,dhermes,dhermes/bezier
0.5,2,1.0,bhousel,"osmlab/osm-community-index"
0.5,2,1.0,halturin,halturin/ergonode
0.5,2,1.0,hhaji,hhaji/Deep-Learning
0.5,12,6.0,JohannesGron,"JohannesGron/johannesgron.github.io"
0.5,2,1.0,vgspedro,vgspedro/transfers
0.5,2,1.0,mark-r-m,dwp/hbase-retriever
0.5,4,2.0,yakeing,yakeing/php_badge
0.5,4,2.0,slogic-sa,slogic-sa/elexis-3-base
0.5,2,1.0,kingdonb,"kingdonb/gitops-helm-workshop"
0.5,2,1.0,honeyming,"honeyming/honeyming.github.io"
0.5,6,3.0,cxbrooks,icyphy/ptII-test
0.5,6,3.0,Firebird1029,Firebird1029/BreakFinder
0.5,8,4.0,sangho513,sangho513/sangho2
0.5,2,1.0,zmni,zmni/AdHosts
